epoch,train_loss,val_loss,val_rmse,val_mae,lr
1,1.6619852383931477,1.3868666291236877,1.1789122819900513,0.9551063776016235,0.001
2,1.2542520761489868,1.1192216277122498,1.0575758218765259,0.8436533808708191,0.001
3,1.0657095909118652,1.034443438053131,1.0150004625320435,0.7958724498748779,0.001
